size,avg_wall_s,avg_cpu_s,avg_mem_mb
128,0.0209898,0.021,4.65234
256,0.130203,0.13,5.8125
512,1.50704,1.507,10.8203
1024,22.6768,22.677,28.8203
