size,avg_time_s,avg_cpu_s,avg_mem_mb
128,0.403877,0.328125,0.50
256,3.063115,2.640625,2.01
512,62.951912,58.692708,8.03
1024,669.820263,610.979167,32.06
2048,5358.562400,4890.000000,128.00