size,avg_time_s,avg_cpu_s,avg_mem_mb
128,0,0,4.11328
256,0.0156244,0.0156667,5.53516
512,0.18229,0.182,10.2969
1024,2.57921,2.57933,27.793
2048,63.2397,63.2397,99.793
