size,avg_time_s,avg_cpu_s,avg_mem_mb
128,0.004037,0.000000,1.00
256,0.017150,0.005208,2.00
512,0.168532,0.151042,7.00
1024,1.998198,1.885417,25.33
2048,87.853353,82.270833,98.33
